,index,MP,FI45,MO45,JU45,ED45,IN45,HE45,CI45,mean,listt
0,0,ANNETTE KING,False,False,False,False,False,False,False,0.0,False
1,1,DAMIEN OCONNOR,False,False,False,False,False,False,False,0.0,False
2,2,DIANNE YATES,False,False,False,True,True,False,True,0.42857142857142855,True
3,3,DOVER SAMUELS,False,,True,True,True,False,False,0.5,True
4,4,GEOFF BRAYBROOKE,False,,False,False,False,False,False,0.0,False
5,5,GEORGE HAWKINS,False,False,False,False,False,False,False,0.0,False
6,6,GRAHAM KELLY,False,False,False,True,False,False,False,0.14285714285714285,False
7,7,HARRY DUYNHOVEN,True,False,False,False,False,False,False,0.14285714285714285,False
8,8,HELEN CLARK,False,True,False,True,True,False,False,0.42857142857142855,False
9,9,JANET MACKEY,False,False,False,True,False,False,False,0.14285714285714285,False
10,10,JILL PETTIS,False,False,False,False,False,False,False,0.0,False
11,11,JILL WHITE,False,False,False,True,False,False,False,0.14285714285714285,True
12,12,JIM SUTTON,False,False,False,False,False,False,False,0.0,False
13,13,JOE HAWKE,,False,,False,True,True,False,0.4,True
14,15,JONATHAN HUNT,False,False,False,False,False,False,False,0.0,True
15,16,JUDITH TIZARD,False,False,False,False,False,False,False,0.0,False
16,17,JUDY KEALL,True,True,False,True,True,False,False,0.5714285714285714,False
17,18,LARRY SUTHERLAND,False,False,False,False,False,False,False,0.0,False
18,19,LIANNE DALZIEL,False,True,False,True,False,False,False,0.2857142857142857,True
19,20,MARIAN HOBBS,False,False,False,False,False,False,False,0.0,True
20,21,MARK BURTON,False,False,False,True,False,False,False,0.14285714285714285,False
21,22,MARK GOSCHE,True,False,False,True,False,False,False,0.2857142857142857,True
22,23,MARK PECK,False,False,False,False,False,False,False,0.0,False
23,24,MICHAEL CULLEN,True,True,False,True,False,False,False,0.42857142857142855,False
24,25,MIKE MOORE,True,False,False,False,False,False,False,0.14285714285714285,False
25,26,NANAIA MAHUTA,False,False,,True,True,,False,0.4,True
26,27,PAUL SWAIN,True,False,False,False,False,False,False,0.14285714285714285,False
27,28,PETE HODGSON,True,False,False,False,False,False,False,0.14285714285714285,False
28,29,PHIL GOFF,False,False,False,True,False,False,False,0.14285714285714285,False
29,30,ROSS ROBERTSON,True,False,False,True,False,False,False,0.2857142857142857,False
30,31,RUTH DYSON,False,False,False,True,True,False,False,0.2857142857142857,True
31,32,STEVE MAHAREY,True,False,False,True,False,False,False,0.2857142857142857,False
32,33,TARIANA TURIA,False,False,True,False,True,False,,0.3333333333333333,True
33,34,TIM BARNETT,False,True,False,False,False,,False,0.16666666666666666,False
34,35,TREVOR MALLARD,True,False,False,True,False,False,False,0.2857142857142857,False
